Country,2011,2012,2013,2014,ratio_2011,ratio_2012,ratio_2013,ratio_2014,growth
Australia,137586,203960,268970,314741,21.522563447965158,31.905441257446064,42.074948690994646,49.23490138659458,27.71233793862942
India,91397,141495,151738,205034,14.297223056514992,22.134047905090853,23.736359313210194,32.07344696400861,17.776223907493616
Indonesia,62255,93404,103893,145335,9.738543074535716,14.611177854532711,16.25197101666917,22.73473869950443,12.996195624968713
China,155701,130234,195681,218975,24.356290984632327,20.372490864494168,30.610358161886168,34.25423612153977,9.897945136907442
Philippines,35097,28226,42827,77283,5.490220003003454,4.415390198728538,6.6994230865495314,12.089371527256345,6.599151524252891
